timestamp,lat,lon,alt,gspeed,vspeed,track,squawk,callsign,source
2025-04-04T11:43:30Z,37.46416,126.43008,0,0,0,157,0,KAL011,ADSB
2025-04-04T11:48:31Z,37.46307,126.43073,0,8,0,157,0,KAL011,ADSB
2025-04-04T11:51:03Z,37.458,126.43291,0,9,0,143,4320,KAL011,ADSB
2025-04-04T11:51:58Z,37.45537,126.43526,0,0,0,143,4320,KAL011,ADSB
2025-04-04T11:52:07Z,37.45483,126.43573,0,16,0,143,4320,KAL011,ADSB
2025-04-04T11:52:23Z,37.45379,126.43667,0,17,0,143,4320,KAL011,ADSB
2025-04-04T12:00:38Z,37.49992,126.3752,1500,183,1408,306,4320,KAL011,ADSB
2025-04-04T12:00:47Z,37.5032,126.36761,1700,180,1856,290,4320,KAL011,ADSB
2025-04-04T12:00:49Z,37.50369,126.36564,1775,179,1984,285,4320,KAL011,ADSB
2025-04-04T12:00:51Z,37.5043,126.36272,1850,178,1984,283,4320,KAL011,ADSB
2025-04-04T12:00:53Z,37.50453,126.36077,1925,176,1984,278,4320,KAL011,ADSB
2025-04-04T12:00:55Z,37.50467,126.35884,2000,176,1920,275,4320,KAL011,ADSB
2025-04-04T12:00:57Z,37.50481,126.35668,2050,176,1920,272,4320,KAL011,ADSB
2025-04-04T12:01:07Z,37.50504,126.34605,2375,177,1664,271,4320,KAL011,ADSB
2025-04-04T12:01:10Z,37.50508,126.34447,2400,178,1728,271,4320,KAL011,ADSB
2025-04-04T12:01:12Z,37.50509,126.342,2475,178,1856,271,4320,KAL011,ADSB
2025-04-04T12:01:14Z,37.50517,126.33868,2575,178,2048,271,4320,KAL011,ADSB
2025-04-04T12:01:18Z,37.50523,126.33561,2675,177,2176,271,4320,KAL011,ADSB
2025-04-04T12:01:20Z,37.50528,126.33346,2750,176,2176,271,4320,KAL011,ADSB
2025-04-04T12:01:22Z,37.50532,126.33137,2825,176,2112,270,4320,KAL011,ADSB
2025-04-04T12:01:24Z,37.50532,126.32862,2925,176,1856,270,4320,KAL011,ADSB
2025-04-04T12:01:39Z,37.50546,126.31239,3200,190,640,270,4320,KAL011,ADSB
2025-04-04T12:01:48Z,37.50554,126.30303,3300,197,768,270,4320,KAL011,ADSB
2025-04-04T12:01:54Z,37.50565,126.29488,3375,210,768,271,4320,KAL011,ADSB
2025-04-04T12:02:02Z,37.50577,126.28901,3425,216,896,271,4320,KAL011,ADSB
2025-04-04T12:02:11Z,37.50609,126.27335,3650,230,1344,271,4320,KAL011,ADSB
2025-04-04T12:02:19Z,37.5063,126.26253,3875,238,1408,271,4320,KAL011,ADSB
2025-04-04T12:02:28Z,37.50659,126.25003,4025,248,768,271,4320,KAL011,ADSB
2025-04-04T12:02:36Z,37.50667,126.24622,4075,253,768,271,4320,KAL011,ADSB
2025-04-04T12:02:45Z,37.507,126.22514,4275,273,1280,271,4320,KAL011,ADSB
2025-04-04T12:02:56Z,37.50616,126.20598,4650,279,2112,263,4320,KAL011,ADSB
2025-04-04T12:03:00Z,37.50458,126.19923,4800,280,2112,263,4320,KAL011,ADSB
2025-04-04T12:03:11Z,37.4978,126.18505,5400,275,3712,232,4320,KAL011,ADSB
2025-04-04T12:03:13Z,37.49578,126.18216,5550,274,3520,228,4320,KAL011,ADSB
2025-04-04T12:03:19Z,37.4908,126.17622,5850,275,2944,221,4320,KAL011,ADSB
2025-04-04T12:03:22Z,37.48726,126.17297,6025,278,2688,214,4320,KAL011,ADSB
2025-04-04T12:03:24Z,37.48498,126.17117,6100,279,2496,213,4320,KAL011,ADSB
2025-04-04T12:03:26Z,37.48329,126.16998,6150,281,2496,207,4320,KAL011,ADSB
2025-04-04T12:03:28Z,37.48032,126.16822,6275,281,2688,204,4320,KAL011,ADSB
2025-04-04T12:03:31Z,37.47739,126.16676,6375,283,3008,201,4320,KAL011,ADSB
2025-04-04T12:03:33Z,37.4759,126.16604,6450,283,3264,200,4320,KAL011,ADSB
2025-04-04T12:03:36Z,37.47171,126.16418,6650,284,3264,199,4320,KAL011,ADSB
2025-04-04T12:03:43Z,37.46251,126.16016,7050,284,3712,199,4320,KAL011,ADSB
2025-04-04T12:03:45Z,37.4594,126.15881,7200,282,3968,199,4320,KAL011,ADSB
2025-04-04T12:03:47Z,37.4572,126.15781,7325,281,3968,199,4320,KAL011,ADSB
2025-04-04T12:03:49Z,37.45459,126.15665,7475,281,3776,199,4320,KAL011,ADSB
2025-04-04T12:03:51Z,37.45193,126.15547,7600,281,3456,199,4320,KAL011,ADSB
2025-04-04T12:03:54Z,37.44946,126.15434,7725,282,3264,199,4320,KAL011,ADSB
2025-04-04T12:04:06Z,37.43303,126.14819,8325,288,2432,192,4320,KAL011,ADSB
2025-04-04T12:04:08Z,37.43019,126.14764,8400,291,2432,188,4320,KAL011,ADSB
2025-04-04T12:04:10Z,37.42749,126.1473,8475,294,2496,184,4320,KAL011,ADSB
2025-04-04T12:04:12Z,37.42447,126.14718,8575,296,2624,181,4320,KAL011,ADSB
2025-04-04T12:04:15Z,37.42171,126.14729,8675,297,2816,178,4320,KAL011,ADSB
2025-04-04T12:04:17Z,37.41925,126.14753,8750,299,2944,175,4320,KAL011,ADSB
2025-04-04T12:04:19Z,37.41608,126.14806,8875,299,3008,171,4320,KAL011,ADSB
2025-04-04T12:04:21Z,37.4132,126.14878,8975,301,3072,169,4320,KAL011,ADSB
2025-04-04T12:04:23Z,37.4105,126.14962,9075,302,3072,166,4320,KAL011,ADSB
2025-04-04T12:04:25Z,37.40781,126.15063,9175,303,3008,163,4320,KAL011,ADSB
2025-04-04T12:04:27Z,37.40446,126.15215,9300,305,2944,160,4320,KAL011,ADSB
2025-04-04T12:04:29Z,37.4016,126.15368,9400,306,2880,156,4320,KAL011,ADSB
2025-04-04T12:04:31Z,37.39979,126.15475,9475,308,2816,153,4320,KAL011,ADSB
2025-04-04T12:04:33Z,37.39627,126.15717,9600,310,2752,150,4320,KAL011,ADSB
2025-04-04T12:04:36Z,37.39383,126.15911,9700,311,2752,147,4320,KAL011,ADSB
2025-04-04T12:04:38Z,37.3915,126.1612,9800,312,2752,144,4320,KAL011,ADSB
2025-04-04T12:04:40Z,37.38876,126.16396,9900,314,2752,140,4320,KAL011,ADSB
2025-04-04T12:04:42Z,37.38606,126.16705,10025,315,2688,138,4320,KAL011,ADSB
2025-04-04T12:04:44Z,37.38432,126.16927,10100,318,2688,134,4320,KAL011,ADSB
2025-04-04T12:04:47Z,37.38182,126.17266,10225,319,2624,132,4320,KAL011,ADSB
2025-04-04T12:04:49Z,37.37973,126.17559,10300,320,2432,131,4320,KAL011,ADSB
2025-04-04T12:04:51Z,37.37787,126.17827,10400,322,2176,130,4320,KAL011,ADSB
2025-04-04T12:04:53Z,37.37572,126.18144,10450,324,1792,130,4320,KAL011,ADSB
2025-04-04T12:04:55Z,37.37357,126.18459,10525,326,1600,130,4320,KAL011,ADSB
2025-04-04T12:04:57Z,37.37149,126.18759,10575,328,1472,130,4320,KAL011,ADSB
2025-04-04T12:05:00Z,37.36931,126.19083,10625,331,1408,130,4320,KAL011,ADSB
2025-04-04T12:05:02Z,37.36729,126.19374,10675,333,1344,130,4320,KAL011,ADSB
2025-04-04T12:05:04Z,37.36473,126.19738,10725,335,1280,130,4320,KAL011,ADSB
2025-04-04T12:05:06Z,37.36311,126.19978,10750,338,1280,130,4320,KAL011,ADSB
2025-04-04T12:05:08Z,37.3605,126.20348,10800,340,1216,130,4320,KAL011,ADSB
2025-04-04T12:05:10Z,37.35851,126.20638,10850,344,1216,130,4320,KAL011,ADSB
2025-04-04T12:05:23Z,37.34467,126.22682,11075,360,960,128,4320,KAL011,ADSB
2025-04-04T12:05:31Z,37.33689,126.24187,11200,374,1280,119,4320,KAL011,ADSB
2025-04-04T12:05:33Z,37.3353,126.24577,11250,375,1792,116,4320,KAL011,ADSB
2025-04-04T12:05:35Z,37.33388,126.24974,11300,378,2048,114,4320,KAL011,ADSB
2025-04-04T12:05:38Z,37.3326,126.25365,11375,379,2432,111,4320,KAL011,ADSB
2025-04-04T12:05:40Z,37.33145,126.25757,11450,380,2688,109,4320,KAL011,ADSB
2025-04-04T12:05:42Z,37.32999,126.26324,11575,381,2688,106,4320,KAL011,ADSB
2025-04-04T12:05:44Z,37.32907,126.2673,11675,382,2560,105,4320,KAL011,ADSB
2025-04-04T12:05:46Z,37.32801,126.27267,11775,383,2368,103,4320,KAL011,ADSB
2025-04-04T12:05:48Z,37.32735,126.27662,11850,384,2176,101,4320,KAL011,ADSB
2025-04-04T12:05:50Z,37.32669,126.28147,11925,386,1984,99,4320,KAL011,ADSB
2025-04-04T12:05:53Z,37.32605,126.28685,12000,387,1856,97,4320,KAL011,ADSB
2025-04-04T12:05:55Z,37.32573,126.29131,12050,390,1792,95,4320,KAL011,ADSB
2025-04-04T12:05:57Z,37.32549,126.29519,12100,390,1856,93,4320,KAL011,ADSB
2025-04-04T12:05:59Z,37.32535,126.30086,12200,392,2176,92,4320,KAL011,ADSB
2025-04-04T12:06:02Z,37.32532,126.30771,12325,394,2752,89,4320,KAL011,ADSB
2025-04-04T12:06:04Z,37.32532,126.31274,12425,394,3072,89,4320,KAL011,ADSB
2025-04-04T12:06:06Z,37.32536,126.31799,12550,394,3200,89,4320,KAL011,ADSB
2025-04-04T12:06:08Z,37.32536,126.32232,12650,394,3200,89,4320,KAL011,ADSB
2025-04-04T12:06:10Z,37.32535,126.32713,12775,394,3136,90,4320,KAL011,ADSB
2025-04-04T12:06:13Z,37.32535,126.33191,12875,394,3008,90,4320,KAL011,ADSB
2025-04-04T12:06:15Z,37.32531,126.3365,12975,395,2816,90,4320,KAL011,ADSB
2025-04-04T12:06:17Z,37.32527,126.34155,13075,395,2688,90,4320,KAL011,ADSB
2025-04-04T12:06:19Z,37.32521,126.3466,13175,396,2496,90,4320,KAL011,ADSB
2025-04-04T12:06:50Z,37.32468,126.41909,14550,404,2688,90,4320,KAL011,ADSB
2025-04-04T12:07:22Z,37.32428,126.49306,15825,412,2496,90,4320,KAL011,ADSB
2025-04-04T12:07:52Z,37.32372,126.56858,17050,420,2304,90,4320,KAL011,ADSB
2025-04-04T12:08:23Z,37.32288,126.64454,18050,433,1280,90,4320,KAL011,ADSB
2025-04-04T12:08:54Z,37.32188,126.72169,19050,442,1920,91,4320,KAL011,ADSB
2025-04-04T12:09:25Z,37.32083,126.80291,20075,451,2048,91,4320,KAL011,ADSB
2025-04-04T12:09:56Z,37.31972,126.88438,20875,464,1408,91,4320,KAL011,ADSB
2025-04-04T12:10:28Z,37.32024,126.97238,21800,470,1536,84,4320,KAL011,ADSB
2025-04-04T12:10:34Z,37.32219,126.98882,21975,470,1792,79,4320,KAL011,ADSB
2025-04-04T12:10:36Z,37.32307,126.99418,22025,469,1856,78,4320,KAL011,ADSB
2025-04-04T12:10:38Z,37.32396,126.99921,22100,469,1920,77,4320,KAL011,ADSB
2025-04-04T12:10:40Z,37.32503,127.00476,22150,468,1920,76,4320,KAL011,ADSB
2025-04-04T12:10:42Z,37.32623,127.01054,22225,467,1920,75,4320,KAL011,ADSB
2025-04-04T12:10:44Z,37.3274,127.01551,22300,468,1920,73,4320,KAL011,ADSB
2025-04-04T12:10:47Z,37.32875,127.02094,22350,467,1920,72,4320,KAL011,ADSB
2025-04-04T12:10:49Z,37.32999,127.02556,22425,467,1856,71,4320,KAL011,ADSB
2025-04-04T12:10:51Z,37.33168,127.0317,22500,465,1856,70,4320,KAL011,ADSB
2025-04-04T12:10:53Z,37.33333,127.03696,22550,466,1792,68,4320,KAL011,ADSB
2025-04-04T12:10:55Z,37.33494,127.04195,22625,465,1792,67,4320,KAL011,ADSB
2025-04-04T12:10:57Z,37.33653,127.04666,22675,464,1792,66,4320,KAL011,ADSB
2025-04-04T12:10:59Z,37.33864,127.05233,22750,464,1856,65,4320,KAL011,ADSB
2025-04-04T12:11:01Z,37.34048,127.05712,22800,464,1856,63,4320,KAL011,ADSB
2025-04-04T12:11:03Z,37.34244,127.0619,22875,462,1856,62,4320,KAL011,ADSB
2025-04-04T12:11:05Z,37.34458,127.06692,22925,462,1856,61,4320,KAL011,ADSB
2025-04-04T12:11:07Z,37.34656,127.07132,23000,462,1920,60,4320,KAL011,ADSB
2025-04-04T12:11:09Z,37.34857,127.07576,23050,461,1984,60,4320,KAL011,ADSB
2025-04-04T12:11:11Z,37.35114,127.08131,23150,461,1984,59,4320,KAL011,ADSB
2025-04-04T12:11:13Z,37.35324,127.08596,23200,462,1984,60,4320,KAL011,ADSB
2025-04-04T12:11:15Z,37.35542,127.09092,23275,464,1984,61,4320,KAL011,ADSB
2025-04-04T12:11:34Z,37.3694,127.1349,23825,473,2368,73,4320,KAL011,ADSB
2025-04-04T12:11:36Z,37.37093,127.14179,23925,474,2240,74,4320,KAL011,ADSB
2025-04-04T12:11:38Z,37.37196,127.14682,24000,474,2112,75,4320,KAL011,ADSB
2025-04-04T12:11:40Z,37.37325,127.15354,24075,476,1984,76,4320,KAL011,ADSB
2025-04-04T12:11:42Z,37.37418,127.15893,24150,476,1856,77,4320,KAL011,ADSB
2025-04-04T12:11:44Z,37.37512,127.16435,24200,478,1728,78,4320,KAL011,ADSB
2025-04-04T12:11:46Z,37.37595,127.17009,24275,478,1664,79,4320,KAL011,ADSB
2025-04-04T12:11:48Z,37.37668,127.17499,24325,480,1600,80,4320,KAL011,ADSB
2025-04-04T12:11:50Z,37.37741,127.18077,24375,480,1600,81,4320,KAL011,ADSB
2025-04-04T12:11:52Z,37.37805,127.18604,24425,481,1664,82,4320,KAL011,ADSB
2025-04-04T12:11:54Z,37.37861,127.19189,24475,482,1792,82,4320,KAL011,ADSB
2025-04-04T12:11:56Z,37.37917,127.19798,24550,482,1920,83,4320,KAL011,ADSB
2025-04-04T12:11:58Z,37.37963,127.20442,24625,483,1984,84,4320,KAL011,ADSB
2025-04-04T12:12:00Z,37.37996,127.20974,24675,483,2048,85,4320,KAL011,ADSB
2025-04-04T12:12:02Z,37.38024,127.21475,24750,484,2048,86,4320,KAL011,ADSB
2025-04-04T12:12:04Z,37.38056,127.22066,24825,483,1920,86,4320,KAL011,ADSB
2025-04-04T12:12:07Z,37.38089,127.22653,24875,484,1792,86,4320,KAL011,ADSB
2025-04-04T12:12:09Z,37.38126,127.23354,24950,485,1664,86,4320,KAL011,ADSB
2025-04-04T12:12:40Z,37.38684,127.32272,25625,494,1152,85,4320,KAL011,ADSB
2025-04-04T12:13:12Z,37.39279,127.41376,26175,506,1344,85,4320,KAL011,ADSB
2025-04-04T12:13:44Z,37.39925,127.50908,26750,516,1216,85,4320,KAL011,ADSB
2025-04-04T12:14:14Z,37.40543,127.60018,27275,525,1408,85,4320,KAL011,ADSB
2025-04-04T12:14:46Z,37.41208,127.69707,27900,533,1280,85,4320,KAL011,ADSB
2025-04-04T12:15:17Z,37.41878,127.7953,28500,539,1280,85,4320,KAL011,ADSB
2025-04-04T12:15:50Z,37.42548,127.896,29100,546,1216,85,4320,KAL011,ADSB
2025-04-04T12:16:21Z,37.43207,127.99586,29625,552,1088,85,4320,KAL011,ADSB
2025-04-04T12:16:52Z,37.43861,128.09694,30100,559,704,85,4320,KAL011,ADSB
2025-04-04T12:17:24Z,37.44522,128.20078,30475,569,640,85,4320,KAL011,ADSB
2025-04-04T12:17:55Z,37.45166,128.30435,30825,579,960,85,4320,KAL011,ADSB
2025-04-04T12:18:27Z,37.45853,128.41428,31125,589,960,85,4320,KAL011,ADSB
2025-04-04T12:18:58Z,37.46489,128.51912,31800,590,1280,85,4320,KAL011,ADSB
2025-04-04T12:19:29Z,37.47121,128.6257,32450,589,1216,85,4320,KAL011,ADSB
2025-04-04T12:20:01Z,37.47749,128.73271,33000,587,384,85,4320,KAL011,ADSB
2025-04-04T12:20:32Z,37.48357,128.83754,33000,585,-64,85,4320,KAL011,ADSB
2025-04-04T12:21:03Z,37.48964,128.94283,33000,583,0,85,4320,KAL011,ADSB
2025-04-04T12:21:35Z,37.49565,129.04944,33000,581,0,86,4320,KAL011,ADSB
2025-04-04T12:22:06Z,37.50155,129.15623,33000,581,64,85,4320,KAL011,ADSB
2025-04-04T12:22:39Z,37.50718,129.26048,33000,579,0,86,4320,KAL011,ADSB
2025-04-04T12:23:11Z,37.51323,129.3736,33000,579,0,86,4320,KAL011,ADSB
2025-04-04T12:23:41Z,37.51859,129.47586,33000,577,-64,86,4320,KAL011,ADSB
2025-04-04T12:24:12Z,37.52394,129.57959,33000,577,0,86,4320,KAL011,ADSB
2025-04-04T12:24:50Z,37.5304,129.70816,33000,578,0,86,4320,KAL011,ADSB
2025-04-04T12:25:24Z,37.53553,129.81136,33000,170,0,86,4320,KAL011,ADSB
2025-04-04T12:25:55Z,37.54111,129.92589,33000,577,0,87,4320,KAL011,OTHER_DATA_SOURCE
2025-04-04T12:26:10Z,37.5434,129.97435,33000,576,0,87,4320,KAL011,OTHER_DATA_SOURCE
2025-04-04T12:27:17Z,37.55383,130.1967,33000,575,64,86,4320,KAL011,ADSB
2025-04-04T12:27:49Z,37.55872,130.30441,33000,573,0,86,4320,KAL011,ADSB
2025-04-04T12:32:27Z,37.5954,131.19136,33000,536,0,87,4320,KAL011,ADSB
2025-04-04T12:33:05Z,37.59901,131.29036,33000,534,0,87,4320,KAL011,ADSB
2025-04-04T12:33:36Z,37.60331,131.40962,33000,531,0,87,4320,KAL011,ADSB
2025-04-04T12:34:08Z,37.60675,131.50804,33000,530,64,87,4320,KAL011,ADSB
2025-04-04T12:34:43Z,37.61039,131.61484,33000,529,0,87,4320,KAL011,ADSB
2025-04-04T12:34:52Z,37.61137,131.64314,33000,529,0,87,4320,KAL011,ADSB
2025-04-04T12:36:24Z,37.62059,131.92891,33025,531,-64,87,4320,KAL011,ADSB
2025-04-04T12:36:55Z,37.62352,132.02283,33000,531,0,87,4320,KAL011,ADSB
2025-04-04T12:37:29Z,37.62659,132.12898,32975,530,0,87,4320,KAL011,ADSB
2025-04-04T12:38:02Z,37.62943,132.22655,33000,528,0,87,0,KAL011,ADSB
2025-04-04T12:38:40Z,37.63284,132.34523,33000,526,0,87,0,KAL011,ADSB
2025-04-04T12:39:26Z,37.6366,132.48575,33000,524,64,88,0,KAL011,ADSB
2025-04-04T12:39:58Z,37.63925,132.58635,33000,524,64,88,0,KAL011,ADSB
2025-04-04T12:40:29Z,37.64293,132.67883,33000,523,0,86,0,KAL011,ADSB
2025-04-04T12:41:02Z,37.64968,132.77933,33000,524,128,84,4320,KAL011,ADSB
2025-04-04T12:41:33Z,37.6568,132.87462,33000,526,64,84,4320,KAL011,ADSB
2025-04-04T12:42:05Z,37.66383,132.96916,33000,528,64,84,4320,KAL011,ADSB
2025-04-04T12:42:35Z,37.67084,133.06354,33000,529,0,84,4320,KAL011,ADSB
2025-04-04T12:43:08Z,37.67803,133.16295,33000,529,0,84,4320,KAL011,ADSB
2025-04-04T12:43:39Z,37.68498,133.25949,33000,528,0,84,4320,KAL011,ADSB
2025-04-04T12:44:12Z,37.69217,133.36,33000,528,0,84,4320,KAL011,ADSB
2025-04-04T12:44:49Z,37.7001,133.47308,33000,500,0,84,4320,KAL011,ADSB
2025-04-04T12:45:22Z,37.70708,133.57274,33000,524,0,84,4320,KAL011,ADSB
2025-04-04T12:45:53Z,37.71355,133.66719,33000,522,0,84,4320,KAL011,ADSB
2025-04-04T12:46:24Z,37.71986,133.76112,33000,520,0,85,4320,KAL011,ADSB
2025-04-04T12:46:57Z,37.72644,133.86089,33000,520,64,85,4320,KAL011,ADSB
2025-04-04T12:47:29Z,37.73286,133.95776,33000,518,0,85,4320,KAL011,ADSB
2025-04-04T12:48:00Z,37.73882,134.05055,33000,518,0,85,4320,KAL011,ADSB
2025-04-04T12:48:30Z,37.74469,134.14301,33000,518,0,85,4320,KAL011,ADSB
2025-04-04T12:49:03Z,37.75085,134.24211,33000,518,0,85,4320,KAL011,ADSB
2025-04-04T12:49:34Z,37.75684,134.33508,33000,517,-64,85,4320,KAL011,ADSB
2025-04-04T12:50:05Z,37.76262,134.42906,33000,518,0,85,4320,KAL011,ADSB
2025-04-04T12:50:38Z,37.76848,134.52542,33000,518,0,85,4320,KAL011,ADSB
2025-04-04T12:51:10Z,37.77434,134.62448,33000,518,0,85,4320,KAL011,ADSB
2025-04-04T12:51:41Z,37.77988,134.7188,33000,518,64,85,4320,KAL011,ADSB
2025-04-04T12:52:13Z,37.78515,134.81061,33000,517,-64,85,4320,KAL011,ADSB
2025-04-04T12:52:43Z,37.79054,134.90422,33000,517,0,85,4320,KAL011,ADSB
2025-04-04T12:53:15Z,37.79599,135.00082,33000,517,0,86,4320,KAL011,ADSB
2025-04-04T12:53:46Z,37.80121,135.09431,33000,516,0,86,4320,KAL011,ADSB
2025-04-04T12:54:18Z,37.80647,135.19023,33000,517,0,86,4320,KAL011,ADSB
2025-04-04T12:54:51Z,37.81178,135.28827,33000,516,0,86,4320,KAL011,ADSB
2025-04-04T12:55:22Z,37.8168,135.38237,33000,517,0,86,4320,KAL011,ADSB
2025-04-04T12:55:54Z,37.82174,135.47797,33000,516,0,86,4320,KAL011,ADSB
2025-04-04T12:56:25Z,37.82661,135.57088,33000,516,-64,86,4320,KAL011,ADSB
2025-04-04T12:56:57Z,37.83147,135.66585,33000,516,0,86,4320,KAL011,ADSB
2025-04-04T12:57:28Z,37.83626,135.76176,33000,516,0,86,4320,KAL011,ADSB
2025-04-04T12:58:00Z,37.84097,135.85789,33000,514,0,86,4320,KAL011,ADSB
2025-04-04T12:58:32Z,37.84576,135.95509,33000,514,64,86,4320,KAL011,ADSB
2025-04-04T12:59:04Z,37.85023,136.04997,33000,514,64,86,4320,KAL011,ADSB
2025-04-04T12:59:37Z,37.8549,136.1496,33000,514,0,86,4320,KAL011,ADSB
2025-04-04T13:00:09Z,37.85925,136.24619,33000,514,64,86,4320,KAL011,ADSB
2025-04-04T13:00:40Z,37.86328,136.33676,33000,514,0,86,4320,KAL011,ADSB
2025-04-04T13:01:12Z,37.86749,136.43266,33000,514,0,86,4320,KAL011,ADSB
2025-04-04T13:01:42Z,37.87141,136.52382,33000,514,0,86,4320,KAL011,ADSB
2025-04-04T13:02:13Z,37.87546,136.61612,33000,513,0,86,4320,KAL011,ADSB
2025-04-04T13:02:45Z,37.87958,136.71294,33000,513,0,86,4320,KAL011,ADSB
2025-04-04T13:03:16Z,37.88342,136.80702,33000,513,0,87,4320,KAL011,ADSB
2025-04-04T13:03:47Z,37.88713,136.899,33000,513,0,87,4320,KAL011,ADSB
2025-04-04T13:04:20Z,37.89148,136.99612,33000,514,0,86,4320,KAL011,ADSB
2025-04-04T13:04:51Z,37.89561,137.08884,33000,514,-64,86,4320,KAL011,ADSB
2025-04-04T13:05:22Z,37.89967,137.18114,33000,515,0,86,4320,KAL011,ADSB
2025-04-04T13:05:53Z,37.90366,137.27528,33000,515,0,86,4320,KAL011,ADSB
2025-04-04T13:06:25Z,37.90758,137.37077,33000,516,0,87,4320,KAL011,ADSB
2025-04-04T13:06:55Z,37.91135,137.46391,33000,516,0,87,4320,KAL011,ADSB
2025-04-04T13:07:28Z,37.91521,137.56203,33000,517,0,87,4320,KAL011,ADSB
2025-04-04T13:07:59Z,37.91875,137.65523,33000,517,0,87,4320,KAL011,ADSB
2025-04-04T13:08:30Z,37.92238,137.75064,33000,516,0,87,4320,KAL011,ADSB
2025-04-04T13:09:01Z,37.92588,137.8429,33000,516,0,87,4320,KAL011,ADSB
2025-04-04T13:09:34Z,37.92947,137.94089,33000,516,0,87,4320,KAL011,ADSB
2025-04-04T13:10:05Z,37.93286,138.03444,33000,517,0,87,4320,KAL011,ADSB
2025-04-04T13:10:35Z,37.93607,138.12746,33000,517,0,87,4320,KAL011,ADSB
2025-04-04T13:11:07Z,37.93936,138.22337,33000,518,0,87,4320,KAL011,ADSB
2025-04-04T13:11:40Z,37.9427,138.32388,33000,518,0,87,4320,KAL011,ADSB
2025-04-04T13:12:13Z,37.94582,138.42142,33000,519,0,87,4320,KAL011,ADSB
2025-04-04T13:12:43Z,37.94884,138.51662,33000,519,0,87,4320,KAL011,ADSB
2025-04-04T13:13:15Z,37.95168,138.60936,33000,519,0,87,4320,KAL011,ADSB
2025-04-04T13:13:46Z,37.95456,138.70514,33000,519,0,87,4320,KAL011,ADSB
2025-04-04T13:14:16Z,37.95725,138.79781,33000,518,0,87,4320,KAL011,ADSB
2025-04-04T13:14:47Z,37.95973,138.88763,33000,518,-64,88,4320,KAL011,ADSB
2025-04-04T13:15:20Z,37.96257,138.99078,33000,518,0,88,4320,KAL011,ADSB
2025-04-04T13:15:52Z,37.96516,139.0856,33000,519,0,88,4320,KAL011,ADSB
2025-04-04T13:16:23Z,37.96763,139.18018,33000,519,0,88,4320,KAL011,ADSB
2025-04-04T13:16:54Z,37.97001,139.27464,33000,520,64,88,4320,KAL011,ADSB
2025-04-04T13:17:27Z,37.9726,139.37518,33000,522,-64,88,4320,KAL011,ADSB
2025-04-04T13:17:58Z,37.97471,139.47037,33000,524,0,88,4320,KAL011,ADSB
2025-04-04T13:18:31Z,37.97694,139.56938,33000,525,0,88,4320,KAL011,ADSB
2025-04-04T13:19:02Z,37.97904,139.66609,33000,526,0,88,4320,KAL011,ADSB
2025-04-04T13:19:32Z,37.98102,139.75995,33000,527,0,88,4320,KAL011,ADSB
2025-04-04T13:20:05Z,37.98304,139.86115,33000,529,-64,88,4320,KAL011,ADSB
2025-04-04T13:20:36Z,37.98491,139.95547,33000,529,64,88,4320,KAL011,ADSB
2025-04-04T13:21:08Z,37.98669,140.05518,33000,530,64,88,4320,KAL011,ADSB
2025-04-04T13:21:40Z,37.9884,140.15515,33000,529,-64,88,4320,KAL011,ADSB
2025-04-04T13:22:12Z,37.99012,140.25456,33000,530,0,88,4320,KAL011,ADSB
2025-04-04T13:22:43Z,37.99164,140.34987,33000,531,-64,88,4320,KAL011,ADSB
2025-04-04T13:23:15Z,37.99315,140.45097,33000,533,0,88,4320,KAL011,ADSB
2025-04-04T13:23:48Z,37.99471,140.55167,32925,535,384,89,4320,KAL011,ADSB
2025-04-04T13:24:18Z,37.99594,140.6459,33025,533,-64,89,4320,KAL011,ADSB
2025-04-04T13:24:50Z,37.99722,140.74492,33050,528,-64,89,4320,KAL011,ADSB
2025-04-04T13:25:20Z,37.99832,140.8383,33000,526,128,89,4320,KAL011,ADSB
2025-04-04T13:25:52Z,37.99729,140.93709,32975,525,128,92,4320,KAL011,ADSB
2025-04-04T13:26:25Z,37.99214,141.03816,33000,524,-64,94,4320,KAL011,ADSB
2025-04-04T13:26:57Z,37.98628,141.13603,33000,525,0,94,4320,KAL011,ADSB
2025-04-04T13:27:30Z,37.98033,141.23491,33000,524,-64,94,4320,KAL011,ADSB
2025-04-04T13:28:00Z,37.97466,141.32655,33000,525,64,94,4320,KAL011,ADSB
2025-04-04T13:28:33Z,37.96819,141.42862,33000,523,-128,94,4320,KAL011,ADSB
2025-04-04T13:29:04Z,37.96211,141.52425,33000,524,-192,94,4320,KAL011,ADSB
2025-04-04T13:29:37Z,37.95567,141.62511,33000,523,0,94,4320,KAL011,ADSB
2025-04-04T13:30:08Z,37.94962,141.71921,33000,524,192,94,4320,KAL011,ADSB
2025-04-04T13:30:40Z,37.9431,141.81827,33000,525,0,94,4320,KAL011,ADSB
2025-04-04T13:31:12Z,37.93625,141.91554,33000,525,0,96,4320,KAL011,ADSB
2025-04-04T13:31:44Z,37.92357,142.01378,33000,526,0,101,4320,KAL011,ADSB
2025-04-04T13:32:15Z,37.90723,142.10483,33000,526,64,102,4320,KAL011,ADSB
2025-04-04T13:32:46Z,37.88992,142.19891,33000,526,64,102,4320,KAL011,ADSB
2025-04-04T13:33:18Z,37.87244,142.29364,33000,527,0,103,4320,KAL011,ADSB
2025-04-04T13:33:51Z,37.85408,142.39268,33000,528,0,103,4320,KAL011,ADSB
2025-04-04T13:34:23Z,37.83614,142.48941,33000,529,-64,103,4320,KAL011,ADSB
2025-04-04T13:34:55Z,37.81833,142.58495,33000,529,-64,103,4320,KAL011,ADSB
2025-04-04T13:35:25Z,37.80121,142.67693,33000,529,-64,103,4320,KAL011,ADSB
2025-04-04T13:35:57Z,37.78384,142.76942,33000,529,64,103,4320,KAL011,ADSB
2025-04-04T13:36:28Z,37.76611,142.86359,33025,527,-64,103,4320,KAL011,ADSB
2025-04-04T13:36:59Z,37.74825,142.95743,33000,527,0,103,4320,KAL011,ADSB
2025-04-04T13:37:30Z,37.73077,143.04868,33000,525,0,103,4320,KAL011,ADSB
2025-04-04T13:38:03Z,37.71208,143.1463,33000,525,0,103,4320,KAL011,ADSB
2025-04-04T13:38:33Z,37.69427,143.23863,33000,523,0,103,4320,KAL011,ADSB
2025-04-04T13:39:05Z,37.6761,143.33272,33000,521,0,103,4320,KAL011,ADSB
2025-04-04T13:39:36Z,37.65862,143.42284,33000,519,0,103,4320,KAL011,ADSB
2025-04-04T13:40:09Z,37.63962,143.51996,33000,518,0,103,4320,KAL011,ADSB
2025-04-04T13:40:40Z,37.6219,143.61041,33000,518,-64,103,4320,KAL011,ADSB
2025-04-04T13:41:11Z,37.60383,143.70248,33000,517,0,103,4320,KAL011,ADSB
2025-04-04T13:41:42Z,37.58614,143.79163,33000,516,64,103,4320,KAL011,ADSB
2025-04-04T13:42:14Z,37.56733,143.88603,32975,516,0,104,4320,KAL011,ADSB
2025-04-04T13:42:47Z,37.54834,143.98108,32975,517,0,104,4320,KAL011,ADSB
2025-04-04T13:43:19Z,37.5299,144.07303,33000,520,0,104,4320,KAL011,ADSB
2025-04-04T13:43:53Z,37.51337,144.15526,33000,270,-128,104,4320,KAL011,ADSB
2025-04-04T13:44:28Z,37.48833,144.27824,33000,533,-64,104,4320,KAL011,ADSB
2025-04-04T13:44:59Z,37.4692,144.37253,33000,535,0,104,4320,KAL011,ADSB
2025-04-04T13:45:31Z,37.44979,144.46735,33000,537,0,104,4320,KAL011,ADSB
2025-04-04T13:46:02Z,37.4301,144.56354,33000,520,0,104,4320,KAL011,ADSB
2025-04-04T13:46:41Z,37.4057,144.68182,33000,538,64,104,4320,KAL011,ADSB
2025-04-04T13:47:13Z,37.38564,144.77879,33350,538,1152,104,4320,KAL011,ADSB
2025-04-04T13:47:48Z,37.36386,144.88354,34275,532,1792,104,4320,KAL011,ADSB
2025-04-04T13:48:22Z,37.34267,144.98476,34900,530,1024,104,4320,KAL011,ADSB
2025-04-04T13:48:59Z,37.31978,145.09346,35000,531,0,104,4320,KAL011,ADSB
2025-04-04T13:49:34Z,37.29709,145.20074,35000,529,0,104,4320,KAL011,ADSB
2025-04-04T13:50:20Z,37.26897,145.33369,35000,527,-64,104,4320,KAL011,ADSB
2025-04-04T13:50:54Z,37.24741,145.43484,34975,526,0,104,4320,KAL011,ADSB
2025-04-04T13:51:27Z,37.22658,145.53145,35000,525,-64,104,4320,KAL011,ADSB
2025-04-04T13:52:00Z,37.20906,145.62892,35000,531,64,96,4320,KAL011,ADSB
2025-04-04T13:52:04Z,37.20822,145.64148,35000,533,64,94,4320,KAL011,ADSB
2025-04-04T13:52:17Z,37.20804,145.68187,35000,538,0,87,4320,KAL011,ADSB
2025-04-04T13:52:23Z,37.20939,145.70175,35000,540,0,84,4320,KAL011,ADSB
2025-04-04T13:52:29Z,37.21135,145.7195,35000,542,0,81,4320,KAL011,ADSB
2025-04-04T13:52:34Z,37.21394,145.73616,35000,544,64,78,4320,KAL011,ADSB
2025-04-04T13:52:40Z,37.21729,145.75334,35000,545,64,75,4320,KAL011,ADSB
2025-04-04T13:52:46Z,37.22131,145.77097,35025,546,64,73,4320,KAL011,ADSB
2025-04-04T13:52:51Z,37.22511,145.7874,35025,547,0,73,4320,KAL011,ADSB
2025-04-04T13:53:25Z,37.2484,145.88972,35000,547,0,73,4320,KAL011,ADSB
2025-04-04T13:53:57Z,37.27116,145.98901,35000,547,64,73,4320,KAL011,ADSB
2025-04-04T13:54:33Z,37.29584,146.09679,35000,549,64,73,4320,KAL011,ADSB
2025-04-04T13:55:06Z,37.31914,146.19963,35000,549,-64,74,4320,KAL011,ADSB
2025-04-04T13:55:32Z,37.33676,146.27747,35000,550,0,74,4320,KAL011,ADSB
2025-04-04T15:32:08Z,43.58309,164.80719,35000,602,0,68,0,KAL011,FAA
2025-04-04T15:36:46Z,43.86229,165.75424,35000,594,0,67,0,KAL011,FAA
2025-04-04T15:42:00Z,44.14209,166.69327,35000,595,0,66,0,KAL011,FAA
2025-04-04T15:46:56Z,44.4166,167.67822,35000,594,0,68,0,KAL011,FAA
2025-04-04T15:51:20Z,44.65305,168.59412,35000,567,0,70,0,KAL011,FAA
2025-04-04T15:56:51Z,44.92464,169.67574,35000,601,0,69,0,KAL011,FAA
2025-04-04T16:01:36Z,45.06702,170.74049,35000,598,0,81,0,KAL011,FAA
2025-04-04T16:06:03Z,45.11283,171.8569,35000,598,0,87,0,KAL011,FAA
2025-04-04T16:06:27Z,45.09699,171.96643,35000,598,0,89,0,KAL011,FAA
2025-04-04T16:35:55Z,45.05,178.73334,35000,613,0,90,0,KAL011,FAA
2025-04-04T16:54:35Z,44.78333,-176.81667,35000,610,0,94,0,KAL011,FAA
2025-04-04T17:23:47Z,43.99864,-169.94415,35000,607,0,101,0,KAL011,FAA
2025-04-04T17:33:21Z,43.67242,-167.95006,35000,601,0,102,0,KAL011,FAA
2025-04-04T17:42:46Z,43.3075,-165.86523,35000,598,0,102,0,KAL011,FAA
2025-04-04T18:11:49Z,41.96743,-159.81012,35000,565,0,89,0,KAL011,FAA
2025-04-04T18:21:25Z,41.84679,-157.84673,35000,561,0,94,0,KAL011,FAA
2025-04-04T18:30:39Z,41.70129,-155.95895,35000,558,0,95,0,KAL011,FAA
2025-04-04T18:59:28Z,41.03636,-150.15817,37000,548,0,99,0,KAL011,FAA
2025-04-04T19:00:27Z,41.00615,-149.98613,37000,546,0,103,0,KAL011,FAA
2025-04-04T19:28:18Z,40.55349,-144.39891,37000,561,0,96,0,KAL011,FAA
2025-04-04T20:40:10Z,39.05896,-130.41248,37000,537,-64,100,0,KAL011,ADSB
2025-04-04T20:40:41Z,39.04401,-130.30688,37000,536,0,100,0,KAL011,ADSB
2025-04-04T20:42:44Z,38.99743,-129.96088,37000,546,0,98,0,KAL011,FAA
2025-04-04T20:43:18Z,38.96933,-129.81171,37000,534,0,102,0,KAL011,ADSB
2025-04-04T20:43:45Z,38.95482,-129.72603,37000,534,0,102,0,KAL011,ADSB
2025-04-04T20:44:45Z,38.92355,-129.54099,37000,534,0,102,0,KAL011,ADSB
2025-04-04T20:45:19Z,38.9063,-129.43848,37000,533,0,102,0,KAL011,ADSB
2025-04-04T20:45:50Z,38.88991,-129.34151,37000,534,0,102,0,KAL011,ADSB
2025-04-04T20:46:21Z,38.87354,-129.24457,37000,533,0,102,0,KAL011,ADSB
2025-04-04T20:46:52Z,38.85711,-129.14844,37000,532,0,102,0,KAL011,ADSB
2025-04-04T20:47:24Z,38.84042,-129.05132,37000,531,0,102,0,KAL011,ADSB
2025-04-04T20:47:57Z,38.82349,-128.95319,37000,530,0,102,0,KAL011,ADSB
2025-04-04T20:48:28Z,38.80641,-128.85518,37000,530,0,102,0,KAL011,ADSB
2025-04-04T20:48:59Z,38.79002,-128.76149,37000,530,0,102,0,KAL011,ADSB
2025-04-04T20:49:36Z,38.77322,-128.66589,37000,532,64,102,0,KAL011,ADSB
2025-04-04T20:50:07Z,38.75322,-128.55275,37000,532,-64,102,0,KAL011,ADSB
2025-04-04T20:50:38Z,38.73616,-128.45679,37000,533,0,102,0,KAL011,ADSB
2025-04-04T20:51:11Z,38.71825,-128.35667,37000,534,64,102,0,KAL011,ADSB
2025-04-04T20:51:43Z,38.70069,-128.25885,37000,535,0,102,0,KAL011,ADSB
2025-04-04T20:52:15Z,38.68272,-128.15967,37000,535,-64,103,0,KAL011,ADSB
2025-04-04T20:52:48Z,38.664,-128.05658,37000,535,64,103,0,KAL011,ADSB
2025-04-04T20:53:20Z,38.6466,-127.961,37000,537,0,103,0,KAL011,ADSB
2025-04-04T20:53:51Z,38.62872,-127.86353,36975,538,0,103,0,KAL011,ADSB
2025-04-04T20:54:22Z,38.61103,-127.7674,37000,538,0,103,0,KAL011,ADSB
2025-04-04T20:54:53Z,38.59311,-127.67059,37000,539,0,103,0,KAL011,ADSB
2025-04-04T20:55:26Z,38.57425,-127.56927,37000,540,0,103,0,KAL011,ADSB
2025-04-04T20:55:57Z,38.55614,-127.47272,37000,542,-64,103,0,KAL011,ADSB
2025-04-04T20:56:28Z,38.53785,-127.37555,37000,544,0,103,0,KAL011,ADSB
2025-04-04T20:57:00Z,38.51904,-127.27612,37000,545,-64,103,0,KAL011,ADSB
2025-04-04T20:57:32Z,38.50019,-127.17688,37000,545,0,103,0,KAL011,ADSB
2025-04-04T20:58:04Z,38.48111,-127.07697,37000,546,0,103,0,KAL011,ADSB
2025-04-04T20:58:35Z,38.46001,-126.98053,37000,547,0,106,0,KAL011,ADSB
2025-04-04T20:59:06Z,38.43562,-126.88624,37000,548,0,109,0,KAL011,ADSB
2025-04-04T20:59:38Z,38.40895,-126.7879,37000,548,0,109,0,KAL011,ADSB
2025-04-04T21:00:09Z,38.38367,-126.69545,37000,548,0,109,0,KAL011,ADSB
2025-04-04T21:00:39Z,38.35802,-126.60179,37000,547,0,109,0,KAL011,ADSB
2025-04-04T21:01:12Z,38.33046,-126.50148,37000,547,0,109,0,KAL011,ADSB
2025-04-04T21:01:43Z,38.30458,-126.40762,37000,548,0,109,0,KAL011,ADSB
2025-04-04T21:02:15Z,38.27811,-126.31192,37000,549,0,109,0,KAL011,ADSB
2025-04-04T21:02:46Z,38.25183,-126.21715,37000,549,0,109,0,KAL011,ADSB
2025-04-04T21:03:17Z,38.22523,-126.12176,37000,549,0,109,0,KAL011,ADSB
2025-04-04T21:03:49Z,38.19839,-126.0259,37000,548,0,109,0,KAL011,ADSB
2025-04-04T21:04:20Z,38.17191,-125.9316,37000,549,0,109,0,KAL011,ADSB
2025-04-04T21:04:52Z,38.14425,-125.83364,37000,550,0,109,0,KAL011,ADSB
2025-04-04T21:05:24Z,38.11683,-125.73662,37000,550,0,109,0,KAL011,ADSB
2025-04-04T21:05:55Z,38.09025,-125.64299,37000,549,0,109,0,KAL011,ADSB
2025-04-04T21:06:28Z,38.06236,-125.54521,37000,549,0,109,0,KAL011,ADSB
2025-04-04T21:06:59Z,38.03499,-125.4496,37000,549,0,109,0,KAL011,ADSB
2025-04-04T21:07:30Z,38.00855,-125.35741,37000,549,0,110,0,KAL011,ADSB
2025-04-04T21:08:02Z,37.98016,-125.25877,37000,549,0,110,0,KAL011,ADSB
2025-04-04T21:08:34Z,37.95278,-125.16413,37000,549,0,110,0,KAL011,ADSB
2025-04-04T21:09:06Z,37.92462,-125.06713,37000,549,0,110,0,KAL011,ADSB
2025-04-04T21:09:39Z,37.89587,-124.96837,37000,549,0,110,0,KAL011,ADSB
2025-04-04T21:10:12Z,37.86694,-124.86929,37000,550,0,110,0,KAL011,ADSB
2025-04-04T21:10:42Z,37.84036,-124.77872,37000,550,0,110,0,KAL011,ADSB
2025-04-04T21:11:15Z,37.80772,-124.68145,37000,555,64,115,0,KAL011,ADSB
2025-04-04T21:11:48Z,37.76834,-124.58694,37000,558,0,119,0,KAL011,ADSB
2025-04-04T21:12:18Z,37.73048,-124.50081,37000,558,0,119,0,KAL011,ADSB
2025-04-04T21:12:49Z,37.69199,-124.41356,37000,558,0,119,0,KAL011,ADSB
2025-04-04T21:13:20Z,37.65243,-124.3241,37000,558,0,119,0,KAL011,ADSB
2025-04-04T21:13:52Z,37.61244,-124.2337,37000,559,0,119,0,KAL011,ADSB
2025-04-04T21:14:23Z,37.5732,-124.14504,37000,559,0,119,0,KAL011,ADSB
2025-04-04T21:14:54Z,37.53383,-124.05639,37000,560,0,119,0,KAL011,ADSB
2025-04-04T21:15:27Z,37.49258,-123.96377,37000,560,0,119,0,KAL011,ADSB
2025-04-04T21:15:59Z,37.45235,-123.87366,37000,561,0,119,0,KAL011,ADSB
2025-04-04T21:16:29Z,37.41324,-123.78636,37000,562,0,119,0,KAL011,ADSB
2025-04-04T21:17:02Z,37.37141,-123.69337,37000,563,0,119,0,KAL011,ADSB
2025-04-04T21:17:32Z,37.33214,-123.60636,37000,564,0,119,1423,KAL011,ADSB
2025-04-04T21:18:03Z,37.29221,-123.51804,37000,563,0,119,1423,KAL011,ADSB
2025-04-04T21:18:36Z,37.24998,-123.42495,37000,563,0,119,1423,KAL011,ADSB
2025-04-04T21:19:09Z,37.20781,-123.33216,37000,564,0,119,1423,KAL011,ADSB
2025-04-04T21:19:42Z,37.16574,-123.2399,37000,565,0,119,1423,KAL011,ADSB
2025-04-04T21:20:13Z,37.12587,-123.15274,37000,566,0,119,1423,KAL011,ADSB
2025-04-04T21:20:43Z,37.08644,-123.06664,37000,567,0,119,1423,KAL011,ADSB
2025-04-04T21:21:16Z,37.04371,-122.97361,37000,568,0,119,1423,KAL011,ADSB
2025-04-04T21:21:46Z,37.00342,-122.88628,37000,568,0,119,1423,KAL011,ADSB
2025-04-04T21:22:17Z,36.9622,-122.79717,37000,570,0,119,1423,KAL011,ADSB
2025-04-04T21:22:50Z,36.9196,-122.70525,37000,570,0,119,1423,KAL011,ADSB
2025-04-04T21:23:22Z,36.87622,-122.6119,37000,570,0,120,1423,KAL011,ADSB
2025-04-04T21:23:53Z,36.83606,-122.52565,37000,571,0,120,1423,KAL011,ADSB
2025-04-04T21:24:25Z,36.7934,-122.43433,37000,571,0,120,1423,KAL011,ADSB
2025-04-04T21:24:57Z,36.75027,-122.34226,37000,571,0,120,1423,KAL011,ADSB
2025-04-04T21:25:30Z,36.70692,-122.24991,37000,572,0,120,1423,KAL011,ADSB
2025-04-04T21:26:02Z,36.66316,-122.15704,37000,572,0,120,1423,KAL011,ADSB
2025-04-04T21:26:35Z,36.61976,-122.06529,37000,574,0,120,1423,KAL011,ADSB
2025-04-04T21:27:05Z,36.5794,-121.98009,37000,574,0,120,1423,KAL011,ADSB
2025-04-04T21:27:37Z,36.53586,-121.88857,37000,573,0,120,1423,KAL011,ADSB
2025-04-04T21:28:09Z,36.49319,-121.79907,37000,573,-64,120,1423,KAL011,ADSB
2025-04-04T21:28:40Z,36.45081,-121.71032,37000,572,0,120,1423,KAL011,ADSB
2025-04-04T21:29:13Z,36.4065,-121.61777,37000,573,0,120,1423,KAL011,ADSB
2025-04-04T21:29:44Z,36.36396,-121.52907,37000,574,0,120,1423,KAL011,ADSB
2025-04-04T21:30:17Z,36.31964,-121.43703,37000,574,0,120,0,KAL011,ADSB
2025-04-04T21:30:49Z,36.27594,-121.34651,37000,574,0,120,0,KAL011,ADSB
2025-04-04T21:31:22Z,36.23091,-121.25353,37000,574,0,120,0,KAL011,ADSB
2025-04-04T21:31:54Z,36.18759,-121.16432,37000,575,0,120,0,KAL011,ADSB
2025-04-04T21:32:26Z,36.14395,-121.07465,37000,574,0,121,0,KAL011,ADSB
2025-04-04T21:32:58Z,36.09921,-120.9829,37000,574,0,121,0,KAL011,ADSB
2025-04-04T21:33:31Z,36.05434,-120.89122,37000,574,0,121,0,KAL011,ADSB
2025-04-04T21:34:01Z,36.01341,-120.80772,37000,573,0,121,0,KAL011,ADSB
2025-04-04T21:34:34Z,35.96814,-120.71571,37000,574,0,121,0,KAL011,ADSB
2025-04-04T21:35:06Z,35.9236,-120.62547,37000,574,0,121,0,KAL011,ADSB
2025-04-04T21:35:36Z,35.88226,-120.54188,37000,574,-64,121,0,KAL011,ADSB
2025-04-04T21:36:08Z,35.83712,-120.45089,37000,574,0,121,0,KAL011,ADSB
2025-04-04T21:36:40Z,35.793,-120.36203,37000,574,0,121,0,KAL011,ADSB
2025-04-04T21:37:12Z,35.7486,-120.27283,37000,573,0,121,0,KAL011,ADSB
2025-04-04T21:37:43Z,35.70626,-120.1885,37000,571,-128,122,0,KAL011,ADSB
2025-04-04T21:38:04Z,35.6721,-120.13424,37000,573,0,131,0,KAL011,ADSB
2025-04-04T21:38:06Z,35.66785,-120.12846,37000,573,-64,132,0,KAL011,ADSB
2025-04-04T21:38:08Z,35.664,-120.12348,37000,573,-128,133,0,KAL011,ADSB
2025-04-04T21:38:11Z,35.6605,-120.11908,37000,574,0,134,0,KAL011,ADSB
2025-04-04T21:38:13Z,35.65575,-120.11329,36975,574,0,134,0,KAL011,ADSB
2025-04-04T21:38:15Z,35.65196,-120.10878,36975,575,0,136,0,KAL011,ADSB
2025-04-04T21:38:17Z,35.64751,-120.10365,36975,574,64,136,0,KAL011,ADSB
2025-04-04T21:38:19Z,35.64276,-120.09836,36975,574,64,137,0,KAL011,ADSB
2025-04-04T21:38:22Z,35.63878,-120.09407,36975,575,0,138,0,KAL011,ADSB
2025-04-04T21:38:24Z,35.63493,-120.09007,36975,575,0,139,0,KAL011,ADSB
2025-04-04T21:38:26Z,35.63081,-120.08589,37000,575,0,140,0,KAL011,ADSB
2025-04-04T21:38:28Z,35.62545,-120.08057,36975,575,64,141,0,KAL011,ADSB
2025-04-04T21:38:30Z,35.62144,-120.07677,36975,576,0,142,0,KAL011,ADSB
2025-04-04T21:38:32Z,35.61612,-120.07187,36975,575,128,143,0,KAL011,ADSB
2025-04-04T21:38:34Z,35.61181,-120.068,37000,576,64,143,0,KAL011,ADSB
2025-04-04T21:38:37Z,35.60765,-120.06443,37000,576,0,144,0,KAL011,ADSB
2025-04-04T21:38:39Z,35.60371,-120.0611,36975,576,-128,145,0,KAL011,ADSB
2025-04-04T21:38:41Z,35.5979,-120.05642,37000,576,-320,146,0,KAL011,ADSB
2025-04-04T21:38:43Z,35.59433,-120.05356,36975,576,-512,147,0,KAL011,ADSB
2025-04-04T21:38:45Z,35.58844,-120.04906,36925,576,-960,147,0,KAL011,ADSB
2025-04-04T21:38:47Z,35.58299,-120.04492,36900,577,-1280,148,0,KAL011,ADSB
2025-04-04T21:38:49Z,35.5789,-120.04182,36850,577,-1600,148,0,KAL011,ADSB
2025-04-04T21:38:52Z,35.57415,-120.03825,36775,577,-1728,148,0,KAL011,ADSB
2025-04-04T21:39:23Z,35.5019,-119.98362,35475,580,-2944,148,0,KAL011,ADSB
2025-04-04T21:39:55Z,35.42834,-119.92842,34375,574,-1920,148,0,KAL011,ADSB
2025-04-04T21:40:27Z,35.35616,-119.87457,33325,564,-1920,148,0,KAL011,ADSB
2025-04-04T21:41:00Z,35.28473,-119.81789,31875,565,-1728,145,0,KAL011,ADSB
2025-04-04T21:41:32Z,35.21704,-119.75737,30400,563,-2624,142,0,KAL011,ADSB
2025-04-04T21:42:04Z,35.15172,-119.69655,29400,552,-1664,142,0,KAL011,ADSB
2025-04-04T21:42:36Z,35.08704,-119.63612,28575,538,-960,142,0,KAL011,ADSB
2025-04-04T21:43:08Z,35.02544,-119.5788,28025,516,-1216,142,0,KAL011,ADSB
2025-04-04T21:43:40Z,34.96548,-119.52295,26875,502,-2688,142,1423,KAL011,ADSB
2025-04-04T21:44:13Z,34.90558,-119.46718,25900,500,-1920,142,1423,KAL011,ADSB
2025-04-04T21:44:46Z,34.84447,-119.41186,24750,497,-1728,143,1423,KAL011,ADSB
2025-04-04T21:45:18Z,34.78665,-119.36085,23875,464,-2176,143,1423,KAL011,ADSB
2025-04-04T21:45:50Z,34.73222,-119.3127,22575,458,-2112,143,1423,KAL011,ADSB
2025-04-04T21:46:22Z,34.6772,-119.26461,21725,453,-768,144,1423,KAL011,ADSB
2025-04-04T21:46:54Z,34.6235,-119.21819,21025,440,-1728,144,1423,KAL011,ADSB
2025-04-04T21:47:24Z,34.5731,-119.17498,19950,431,-2816,144,1423,KAL011,ADSB
2025-04-04T21:47:56Z,34.52184,-119.13031,18475,423,-2240,143,1423,KAL011,ADSB
2025-04-04T21:48:28Z,34.47217,-119.08585,17375,409,-1792,143,1423,KAL011,ADSB
2025-04-04T21:49:01Z,34.42323,-119.04236,16400,400,-1472,143,1423,KAL011,ADSB
2025-04-04T21:49:33Z,34.37552,-119.00105,15625,394,-1536,144,1423,KAL011,ADSB
2025-04-04T21:50:04Z,34.32925,-118.96114,14675,389,-1280,143,1423,KAL011,ADSB
2025-04-04T21:50:36Z,34.28516,-118.92099,14350,362,-1024,143,1423,KAL011,ADSB
2025-04-04T21:51:08Z,34.24452,-118.88384,13750,333,-1728,142,1423,KAL011,ADSB
2025-04-04T21:51:39Z,34.20653,-118.84869,12900,313,-1664,142,1423,KAL011,ADSB
2025-04-04T21:52:11Z,34.17123,-118.81602,11975,303,-1344,140,1423,KAL011,ADSB
2025-04-04T21:52:24Z,34.15733,-118.8018,11800,297,-704,139,1423,KAL011,ADSB
2025-04-04T21:52:36Z,34.14467,-118.78824,11600,292,-1216,137,1423,KAL011,ADSB
2025-04-04T21:52:51Z,34.12985,-118.77213,11250,289,-1216,137,1423,KAL011,ADSB
2025-04-04T21:53:03Z,34.11726,-118.75845,11100,283,-704,138,1423,KAL011,ADSB
2025-04-04T21:53:16Z,34.10532,-118.74545,10925,278,-1088,137,1423,KAL011,ADSB
2025-04-04T21:53:29Z,34.09314,-118.73211,10600,278,-1856,138,1423,KAL011,ADSB
2025-04-04T21:53:44Z,34.07875,-118.71695,10100,282,-1856,138,1423,KAL011,ADSB
2025-04-04T21:53:56Z,34.06618,-118.70346,9800,285,-1344,137,1423,KAL011,ADSB
2025-04-04T21:54:11Z,34.05227,-118.68828,9475,288,-1408,137,1423,KAL011,ADSB
2025-04-04T21:54:24Z,34.03967,-118.67348,9150,286,-1408,131,1423,KAL011,ADSB
2025-04-04T21:54:28Z,34.03638,-118.66827,9075,286,-1536,124,1423,KAL011,ADSB
2025-04-04T21:54:30Z,34.03518,-118.66596,9025,285,-1536,122,1423,KAL011,ADSB
2025-04-04T21:54:32Z,34.03364,-118.66281,8975,284,-1280,118,1423,KAL011,ADSB
2025-04-04T21:54:34Z,34.03249,-118.65997,8925,284,-1408,115,1423,KAL011,ADSB
2025-04-04T21:54:36Z,34.03139,-118.65694,8875,283,-1408,112,1423,KAL011,ADSB
2025-04-04T21:54:38Z,34.03029,-118.65341,8825,283,-1408,110,1423,KAL011,ADSB
2025-04-04T21:54:40Z,34.02945,-118.6504,8775,282,-1344,107,1423,KAL011,ADSB
2025-04-04T21:54:42Z,34.02876,-118.64737,8725,282,-1472,105,1423,KAL011,ADSB
2025-04-04T21:54:44Z,34.0281,-118.64417,8700,282,-1280,103,1423,KAL011,ADSB
2025-04-04T21:54:46Z,34.02759,-118.64091,8650,282,-1152,101,1423,KAL011,ADSB
2025-04-04T21:54:48Z,34.02713,-118.63753,8600,281,-1088,98,1423,KAL011,ADSB
2025-04-04T21:54:50Z,34.02685,-118.63472,8575,281,-1152,97,1423,KAL011,ADSB
2025-04-04T21:54:53Z,34.02654,-118.63161,8550,280,-1408,96,1423,KAL011,ADSB
2025-04-04T21:54:55Z,34.02624,-118.62791,8475,281,-1472,95,1423,KAL011,ADSB
2025-04-04T21:54:57Z,34.02599,-118.62493,8425,281,-1408,95,1423,KAL011,ADSB
2025-04-04T21:54:59Z,34.02573,-118.62179,8400,281,-1280,95,1423,KAL011,ADSB
2025-04-04T21:55:01Z,34.02544,-118.61888,8350,280,-1216,96,1423,KAL011,ADSB
2025-04-04T21:55:03Z,34.02507,-118.61496,8300,280,-1152,96,1423,KAL011,ADSB
2025-04-04T21:55:05Z,34.0248,-118.61205,8250,279,-1024,96,1423,KAL011,ADSB
2025-04-04T21:55:07Z,34.02448,-118.60879,8225,278,-768,96,1423,KAL011,ADSB
2025-04-04T21:55:09Z,34.0242,-118.60571,8200,278,-640,97,1423,KAL011,ADSB
2025-04-04T21:55:22Z,34.02229,-118.58643,8075,272,-640,96,1423,KAL011,ADSB
2025-04-04T21:55:36Z,34.02028,-118.56497,7950,272,-576,96,1423,KAL011,ADSB
2025-04-04T21:55:49Z,34.01851,-118.5458,7850,270,-640,96,1423,KAL011,ADSB
2025-04-04T21:56:03Z,34.01646,-118.524,7625,270,-896,96,1423,KAL011,ADSB
2025-04-04T21:56:16Z,34.01474,-118.505,7450,270,-768,96,1423,KAL011,ADSB
2025-04-04T21:56:29Z,34.01294,-118.48631,7300,269,-576,96,1423,KAL011,ADSB
2025-04-04T21:56:43Z,34.0113,-118.4646,7150,260,-576,92,1423,KAL011,ADSB
2025-04-04T21:56:52Z,34.01161,-118.45302,7025,250,-1088,85,1423,KAL011,ADSB
2025-04-04T21:56:54Z,34.01189,-118.44988,6975,248,-1152,83,1423,KAL011,ADSB
2025-04-04T21:56:56Z,34.01212,-118.44769,6950,246,-1216,82,1423,KAL011,ADSB
2025-04-04T21:56:58Z,34.01246,-118.44475,6900,242,-1216,80,1423,KAL011,ADSB
2025-04-04T21:57:00Z,34.01288,-118.44212,6875,241,-1152,79,1423,KAL011,ADSB
2025-04-04T21:57:02Z,34.01344,-118.43867,6825,238,-1152,78,1423,KAL011,ADSB
2025-04-04T21:57:04Z,34.01395,-118.43588,6775,237,-1152,78,1423,KAL011,ADSB
2025-04-04T21:57:06Z,34.01432,-118.43353,6750,235,-1152,77,1423,KAL011,ADSB
2025-04-04T21:57:08Z,34.01484,-118.43062,6700,233,-1152,78,1423,KAL011,ADSB
2025-04-04T21:57:10Z,34.01523,-118.42819,6675,232,-1152,78,1423,KAL011,ADSB
2025-04-04T21:57:13Z,34.01563,-118.42569,6625,231,-1088,79,1423,KAL011,ADSB
2025-04-04T21:57:15Z,34.01609,-118.42289,6600,229,-1216,79,1423,KAL011,ADSB
2025-04-04T21:57:17Z,34.01656,-118.42017,6550,229,-1152,78,1423,KAL011,ADSB
2025-04-04T21:57:31Z,34.01962,-118.40202,6225,225,-1472,78,1423,KAL011,ADSB
2025-04-04T21:57:46Z,34.02261,-118.3849,5850,226,-1472,78,1423,KAL011,ADSB
2025-04-04T21:58:00Z,34.02573,-118.36681,5475,227,-1472,78,1423,KAL011,ADSB
2025-04-04T21:58:15Z,34.02824,-118.34856,5100,228,-1536,81,1423,KAL011,ADSB
2025-04-04T21:58:23Z,34.02945,-118.33734,4875,228,-1536,83,1423,KAL011,ADSB
2025-04-04T21:58:26Z,34.02965,-118.3352,4825,228,-1600,83,1423,KAL011,ADSB
2025-04-04T21:58:34Z,34.03075,-118.32471,4600,228,-1536,82,1423,KAL011,ADSB
2025-04-04T21:58:42Z,34.03194,-118.31351,4400,228,-1472,82,1423,KAL011,ADSB
2025-04-04T21:58:49Z,34.03271,-118.30566,4250,228,-1472,83,1423,KAL011,ADSB
2025-04-04T21:58:57Z,34.03378,-118.29466,4025,227,-1472,82,1423,KAL011,ADSB
2025-04-04T21:59:06Z,34.03482,-118.28452,3875,225,-1024,82,1423,KAL011,ADSB
2025-04-04T21:59:14Z,34.03587,-118.27455,3750,220,-704,83,1423,KAL011,ADSB
2025-04-04T21:59:22Z,34.03693,-118.26412,3675,214,-512,83,1423,KAL011,ADSB
2025-04-04T21:59:31Z,34.03789,-118.25431,3600,208,-448,83,1423,KAL011,ADSB
2025-04-04T21:59:37Z,34.03862,-118.24693,3525,203,-768,83,1423,KAL011,ADSB
2025-04-04T21:59:46Z,34.03931,-118.23739,3425,199,-832,87,1423,KAL011,ADSB
2025-04-04T21:59:48Z,34.03926,-118.23537,3400,198,-768,91,1423,KAL011,ADSB
2025-04-04T21:59:50Z,34.03912,-118.23329,3375,196,-704,95,1423,KAL011,ADSB
2025-04-04T21:59:52Z,34.03872,-118.23074,3350,195,-640,101,1423,KAL011,ADSB
2025-04-04T21:59:54Z,34.0383,-118.22875,3325,194,-576,106,1423,KAL011,ADSB
2025-04-04T21:59:56Z,34.03774,-118.22674,3300,192,-512,111,1423,KAL011,ADSB
2025-04-04T21:59:58Z,34.03676,-118.22427,3300,192,-512,116,1423,KAL011,ADSB
2025-04-04T22:00:00Z,34.03592,-118.22267,3275,191,-512,119,1423,KAL011,ADSB
2025-04-04T22:00:02Z,34.03491,-118.22091,3250,189,-448,126,1423,KAL011,ADSB
2025-04-04T22:00:04Z,34.03381,-118.21934,3250,188,-448,131,1423,KAL011,ADSB
2025-04-04T22:00:06Z,34.03243,-118.21776,3225,187,-384,136,1423,KAL011,ADSB
2025-04-04T22:00:08Z,34.03094,-118.21632,3200,186,-384,142,1423,KAL011,ADSB
2025-04-04T22:00:10Z,34.02946,-118.21519,3200,185,-448,147,1423,KAL011,ADSB
2025-04-04T22:00:13Z,34.02791,-118.21423,3175,184,-448,152,1423,KAL011,ADSB
2025-04-04T22:00:15Z,34.02608,-118.21334,3150,184,-448,157,1423,KAL011,ADSB
2025-04-04T22:00:17Z,34.02443,-118.21272,3150,184,-320,161,1423,KAL011,ADSB
2025-04-04T22:00:19Z,34.02269,-118.21222,3125,184,-320,165,1423,KAL011,ADSB
2025-04-04T22:00:21Z,34.0209,-118.21188,3125,184,-384,172,1423,KAL011,ADSB
2025-04-04T22:00:23Z,34.01912,-118.21175,3100,185,-448,177,1423,KAL011,ADSB
2025-04-04T22:00:25Z,34.01756,-118.21182,3100,184,-512,182,1423,KAL011,ADSB
2025-04-04T22:00:27Z,34.01553,-118.21209,3075,183,-576,187,1423,KAL011,ADSB
2025-04-04T22:00:29Z,34.01405,-118.21243,3050,183,-512,191,1423,KAL011,ADSB
2025-04-04T22:00:31Z,34.01202,-118.21301,3025,183,-448,193,1423,KAL011,ADSB
2025-04-04T22:00:34Z,34.01042,-118.21356,3025,182,-384,195,1423,KAL011,ADSB
2025-04-04T22:00:36Z,34.00887,-118.21407,3000,183,-384,196,1423,KAL011,ADSB
2025-04-04T22:00:38Z,34.00716,-118.21466,3000,182,-448,195,1423,KAL011,ADSB
2025-04-04T22:00:40Z,34.00516,-118.21525,2975,183,-512,193,1423,KAL011,ADSB
2025-04-04T22:00:42Z,34.00334,-118.2157,2950,183,-448,190,1423,KAL011,ADSB
2025-04-04T22:00:44Z,34.00163,-118.21597,2950,184,-448,189,1423,KAL011,ADSB
2025-04-04T22:00:46Z,33.99994,-118.21626,2950,184,-448,187,1423,KAL011,ADSB
2025-04-04T22:00:48Z,33.99815,-118.21654,2925,184,-448,187,1423,KAL011,ADSB
2025-04-04T22:00:50Z,33.99655,-118.21687,2900,185,-448,189,1423,KAL011,ADSB
2025-04-04T22:00:52Z,33.99459,-118.2173,2900,185,-448,191,1423,KAL011,ADSB
2025-04-04T22:00:54Z,33.99326,-118.21771,2875,185,-512,194,1423,KAL011,ADSB
2025-04-04T22:00:56Z,33.99123,-118.21844,2850,185,-576,196,1423,KAL011,ADSB
2025-04-04T22:00:59Z,33.98951,-118.21913,2825,184,-384,199,1423,KAL011,ADSB
2025-04-04T22:01:01Z,33.98795,-118.21989,2825,183,-64,201,1423,KAL011,ADSB
2025-04-04T22:01:03Z,33.98621,-118.22079,2825,183,128,203,1423,KAL011,ADSB
2025-04-04T22:01:05Z,33.98474,-118.22158,2825,182,256,204,1423,KAL011,ADSB
2025-04-04T22:01:07Z,33.98314,-118.22247,2850,183,192,205,1423,KAL011,ADSB
2025-04-04T22:01:09Z,33.98145,-118.22349,2850,184,64,205,1423,KAL011,ADSB
2025-04-04T22:01:11Z,33.97984,-118.22443,2850,184,-256,206,1423,KAL011,ADSB
2025-04-04T22:01:13Z,33.97847,-118.22528,2825,184,-448,206,1423,KAL011,ADSB
2025-04-04T22:01:15Z,33.97687,-118.22623,2825,184,-640,207,1423,KAL011,ADSB
2025-04-04T22:01:17Z,33.97499,-118.22741,2775,183,-576,207,1423,KAL011,ADSB
2025-04-04T22:01:20Z,33.97359,-118.22839,2775,181,-128,209,1423,KAL011,ADSB
2025-04-04T22:01:22Z,33.9722,-118.22948,2775,179,64,213,1423,KAL011,ADSB
2025-04-04T22:01:24Z,33.97112,-118.2304,2775,178,-192,220,1423,KAL011,ADSB
2025-04-04T22:01:26Z,33.96959,-118.23206,2775,177,-320,222,1423,KAL011,ADSB
2025-04-04T22:01:28Z,33.96835,-118.2338,2750,177,-512,229,1423,KAL011,ADSB
2025-04-04T22:01:30Z,33.96735,-118.2357,2725,177,-704,235,1423,KAL011,ADSB
2025-04-04T22:01:32Z,33.9668,-118.23694,2725,177,-896,245,1423,KAL011,ADSB
2025-04-04T22:01:34Z,33.96606,-118.23923,2675,177,-1024,248,1423,KAL011,ADSB
2025-04-04T22:01:36Z,33.96572,-118.24116,2625,177,-1152,258,1423,KAL011,ADSB
2025-04-04T22:01:38Z,33.96556,-118.24305,2600,176,-1216,265,1423,KAL011,ADSB
2025-04-04T22:01:40Z,33.96556,-118.24546,2550,176,-1088,271,1423,KAL011,ADSB
2025-04-04T22:01:42Z,33.96572,-118.24745,2525,176,-960,276,1423,KAL011,ADSB
2025-04-04T22:01:44Z,33.96596,-118.24917,2500,175,-704,279,1423,KAL011,ADSB
2025-04-04T22:01:46Z,33.96628,-118.25117,2475,174,-576,281,1423,KAL011,ADSB
2025-04-04T22:01:49Z,33.96661,-118.25308,2450,174,-640,282,1423,KAL011,ADSB
2025-04-04T22:01:51Z,33.96703,-118.25516,2425,174,-832,281,1423,KAL011,ADSB
2025-04-04T22:01:53Z,33.9673,-118.25706,2400,174,-1024,279,1423,KAL011,ADSB
2025-04-04T22:01:55Z,33.96749,-118.25929,2350,174,-1152,277,1423,KAL011,ADSB
2025-04-04T22:01:57Z,33.96759,-118.26125,2300,175,-1088,271,1423,KAL011,ADSB
2025-04-04T22:01:59Z,33.96754,-118.2637,2250,175,-1088,267,1423,KAL011,ADSB
2025-04-04T22:02:01Z,33.96735,-118.26542,2225,174,-1152,263,1423,KAL011,ADSB
2025-04-04T22:02:04Z,33.96707,-118.26743,2200,172,-1024,259,1423,KAL011,ADSB
2025-04-04T22:02:08Z,33.96633,-118.27137,2125,169,-832,257,1423,KAL011,ADSB
2025-04-04T22:02:10Z,33.96597,-118.2732,2100,166,-896,256,1423,KAL011,ADSB
2025-04-04T22:02:12Z,33.96565,-118.27499,2075,165,-896,257,1423,KAL011,ADSB
2025-04-04T22:02:14Z,33.96524,-118.2773,2025,163,-832,258,1423,KAL011,ADSB
2025-04-04T22:02:16Z,33.96497,-118.27892,2000,162,-768,258,1423,KAL011,ADSB
2025-04-04T22:02:18Z,33.96465,-118.28072,1975,159,-832,259,1423,KAL011,ADSB
2025-04-04T22:02:20Z,33.96442,-118.28259,1950,158,-832,260,1423,KAL011,ADSB
2025-04-04T22:02:22Z,33.96414,-118.28464,1925,157,-832,260,1423,KAL011,ADSB
2025-04-04T22:02:24Z,33.96391,-118.28643,1900,154,-832,261,1423,KAL011,ADSB
2025-04-04T22:02:27Z,33.96373,-118.28778,1875,152,-832,261,1423,KAL011,ADSB
2025-04-04T22:02:29Z,33.96354,-118.28957,1850,150,-832,261,1423,KAL011,ADSB
2025-04-04T22:02:35Z,33.963,-118.29456,1750,150,-832,263,1423,KAL011,ADSB
2025-04-04T22:02:37Z,33.96284,-118.29637,1725,150,-832,263,1423,KAL011,ADSB
2025-04-04T22:02:39Z,33.96263,-118.2982,1700,149,-832,263,1423,KAL011,ADSB
2025-04-04T22:02:41Z,33.96249,-118.29971,1675,149,-832,263,1423,KAL011,ADSB
2025-04-04T22:02:43Z,33.96231,-118.30162,1650,149,-768,263,1423,KAL011,ADSB
2025-04-04T22:02:45Z,33.96218,-118.30318,1625,150,-704,263,1423,KAL011,ADSB
2025-04-04T22:02:53Z,33.96144,-118.31042,1500,148,-768,263,1423,KAL011,ADSB
2025-04-04T22:03:00Z,33.96098,-118.31514,1425,145,-832,263,1423,KAL011,ADSB
2025-04-04T22:03:08Z,33.9603,-118.32185,1325,144,-832,263,1423,KAL011,ADSB
2025-04-04T22:03:16Z,33.95963,-118.32859,1200,142,-832,263,1423,KAL011,ADSB
2025-04-04T22:03:25Z,33.95897,-118.33482,1100,139,-640,262,1423,KAL011,ADSB
2025-04-04T22:03:33Z,33.95833,-118.34097,1000,137,-832,262,1423,KAL011,ADSB
2025-04-04T22:03:39Z,33.9579,-118.34547,950,138,-640,263,1423,KAL011,ADSB
2025-04-04T22:03:47Z,33.95728,-118.35168,850,138,-640,262,1423,KAL011,ADSB
2025-04-04T22:03:55Z,33.9566,-118.35817,725,142,-832,263,1423,KAL011,ADSB
2025-04-04T22:04:03Z,33.95595,-118.36474,625,144,-576,262,1423,KAL011,ADSB
2025-04-04T22:04:11Z,33.9553,-118.37111,525,143,-768,262,1423,KAL011,ADSB
2025-04-04T22:04:20Z,33.9546,-118.37775,425,139,-768,262,1423,KAL011,ADSB
2025-04-04T22:04:26Z,33.95416,-118.38228,350,139,-704,263,1423,KAL011,ADSB
2025-04-04T22:04:34Z,33.95353,-118.38861,225,142,-768,263,1423,KAL011,ADSB
2025-04-04T22:04:42Z,33.95283,-118.3952,150,141,-768,262,1423,KAL011,ADSB
2025-04-04T22:04:52Z,33.95208,-118.40263,25,144,-704,263,1423,KAL011,ADSB
2025-04-04T22:05:00Z,33.95152,-118.40813,0,139,-256,263,1423,KAL011,ADSB
2025-04-04T22:05:07Z,33.95096,-118.41328,0,112,-64,263,1423,KAL011,ADSB
2025-04-04T22:05:15Z,33.95055,-118.41745,0,73,-64,262,1423,KAL011,ADSB
2025-04-04T22:05:22Z,33.95032,-118.41985,0,60,0,264,1423,KAL011,ADSB
2025-04-04T22:05:29Z,33.95007,-118.42212,0,47,0,261,1423,KAL011,ADSB
2025-04-04T22:05:37Z,33.94991,-118.42375,0,34,0,264,1423,KAL011,ADSB
2025-04-04T22:05:39Z,33.94986,-118.42423,0,28,0,258,1423,KAL011,ADSB
2025-04-04T22:05:40Z,33.94981,-118.42444,0,27,0,255,1423,KAL011,ADSB
2025-04-04T22:05:43Z,33.94972,-118.42477,0,26,0,250,1423,KAL011,ADSB
2025-04-04T22:05:47Z,33.94951,-118.42531,0,26,0,241,1423,KAL011,ADSB
2025-04-04T22:05:49Z,33.94936,-118.42564,0,26,0,239,1423,KAL011,ADSB
2025-04-04T22:05:53Z,33.94915,-118.42599,0,24,0,236,1423,KAL011,ADSB
2025-04-04T22:05:55Z,33.94897,-118.42627,0,23,0,233,1423,KAL011,ADSB
2025-04-04T22:05:58Z,33.94881,-118.42651,0,22,0,230,1423,KAL011,ADSB
2025-04-04T22:06:00Z,33.94865,-118.42673,0,19,0,227,1423,KAL011,ADSB
2025-04-04T22:06:04Z,33.94839,-118.42701,0,19,0,222,1423,KAL011,ADSB
2025-04-04T22:06:09Z,33.94811,-118.42728,0,19,0,216,1423,KAL011,ADSB
2025-04-04T22:06:11Z,33.94789,-118.42744,0,17,0,210,1423,KAL011,ADSB
2025-04-04T22:06:14Z,33.94767,-118.42757,0,16,0,205,1423,KAL011,ADSB
2025-04-04T22:06:18Z,33.94743,-118.42768,0,15,0,202,1423,KAL011,ADSB
2025-04-04T22:06:22Z,33.9472,-118.42776,0,15,0,194,1423,KAL011,ADSB
2025-04-04T22:06:25Z,33.94698,-118.42781,0,13,0,191,1423,KAL011,ADSB
2025-04-04T22:06:30Z,33.94673,-118.42783,0,10,0,182,1423,KAL011,ADSB
2025-04-04T22:06:36Z,33.94651,-118.42771,0,8,0,151,1423,KAL011,ADSB
2025-04-04T22:06:42Z,33.9464,-118.42749,0,8,0,120,1423,KAL011,ADSB
2025-04-04T22:06:47Z,33.94637,-118.42728,0,8,0,104,1423,KAL011,ADSB
2025-04-04T22:06:51Z,33.94637,-118.42707,0,8,0,90,1423,KAL011,ADSB
2025-04-04T22:06:57Z,33.9464,-118.42684,0,9,0,81,1423,KAL011,ADSB
2025-04-04T22:07:00Z,33.94643,-118.42661,0,10,0,81,1423,KAL011,ADSB
2025-04-04T22:07:04Z,33.94645,-118.42638,0,11,0,81,1423,KAL011,ADSB
2025-04-04T22:07:09Z,33.94648,-118.42606,0,11,0,81,1423,KAL011,ADSB
2025-04-04T22:07:13Z,33.94651,-118.42583,0,12,0,81,1423,KAL011,ADSB
2025-04-04T22:07:19Z,33.94655,-118.42538,0,13,0,84,1423,KAL011,ADSB
2025-04-04T22:07:26Z,33.9466,-118.4249,0,14,0,81,1423,KAL011,ADSB
2025-04-04T22:07:33Z,33.94667,-118.42428,0,15,0,81,1423,KAL011,ADSB
2025-04-04T22:07:42Z,33.94675,-118.42354,0,16,0,81,1423,KAL011,ADSB
2025-04-04T22:07:49Z,33.94682,-118.42282,0,15,0,81,1423,KAL011,ADSB
2025-04-04T22:07:57Z,33.94688,-118.42223,0,15,0,84,1423,KAL011,ADSB
2025-04-04T22:08:03Z,33.94694,-118.42168,0,15,0,81,1423,KAL011,ADSB
2025-04-04T22:08:11Z,33.94701,-118.42096,0,15,0,84,1423,KAL011,ADSB
2025-04-04T22:08:18Z,33.94708,-118.42033,0,15,0,84,1423,KAL011,ADSB
2025-04-04T22:08:26Z,33.94714,-118.4197,0,16,0,81,1423,KAL011,ADSB
2025-04-04T22:08:33Z,33.94722,-118.41893,0,17,0,81,1423,KAL011,ADSB
2025-04-04T22:08:41Z,33.9473,-118.4182,0,18,0,81,1423,KAL011,ADSB
2025-04-04T22:08:47Z,33.94736,-118.41761,0,17,0,81,1423,KAL011,ADSB
2025-04-04T22:08:55Z,33.94744,-118.41676,0,17,0,81,1423,KAL011,ADSB
2025-04-04T22:09:03Z,33.9475,-118.41609,0,15,0,81,1423,KAL011,ADSB
2025-04-04T22:09:09Z,33.94757,-118.41551,0,15,0,84,1423,KAL011,ADSB
2025-04-04T22:09:16Z,33.94761,-118.41501,0,14,0,81,1423,KAL011,ADSB
2025-04-04T22:09:23Z,33.94767,-118.41453,0,13,0,81,1423,KAL011,ADSB
2025-04-04T22:09:26Z,33.94773,-118.41425,0,12,0,75,1423,KAL011,ADSB
2025-04-04T22:09:30Z,33.9478,-118.41398,0,11,0,70,1423,KAL011,ADSB
2025-04-04T22:09:34Z,33.94786,-118.41375,0,11,0,73,1423,KAL011,ADSB
2025-04-04T22:09:42Z,33.94791,-118.41338,0,7,0,81,1423,KAL011,ADSB
2025-04-04T22:09:48Z,33.94787,-118.41316,0,6,0,101,1423,KAL011,ADSB
2025-04-04T22:09:59Z,33.94761,-118.41298,0,6,0,154,1423,KAL011,ADSB
2025-04-04T22:10:05Z,33.9474,-118.41294,0,8,0,171,1423,KAL011,ADSB
2025-04-04T22:10:11Z,33.94717,-118.41292,0,9,0,174,1423,KAL011,ADSB
2025-04-04T22:10:16Z,33.94695,-118.41287,0,11,0,171,1423,KAL011,ADSB
2025-04-04T22:10:21Z,33.94669,-118.41284,0,12,0,171,1423,KAL011,ADSB
2025-04-04T22:10:27Z,33.9463,-118.41279,0,12,0,174,1423,KAL011,ADSB
2025-04-04T22:10:35Z,33.94589,-118.41273,0,13,0,174,1423,KAL011,ADSB
2025-04-04T22:10:42Z,33.94546,-118.41266,0,13,0,171,1423,KAL011,ADSB
2025-04-04T22:10:49Z,33.94498,-118.41261,0,14,0,174,1423,KAL011,ADSB
2025-04-04T22:10:56Z,33.94448,-118.41252,0,14,0,171,1423,KAL011,ADSB
2025-04-04T22:11:03Z,33.94415,-118.41247,0,14,0,174,1423,KAL011,ADSB
2025-04-04T22:11:11Z,33.94352,-118.41238,0,15,0,171,1423,KAL011,ADSB
2025-04-04T22:11:18Z,33.94306,-118.41232,0,13,0,174,1423,KAL011,ADSB
2025-04-04T22:11:28Z,33.94249,-118.41223,0,11,0,171,1423,KAL011,ADSB
2025-04-04T22:11:35Z,33.94218,-118.41218,0,12,0,174,1423,KAL011,ADSB
2025-04-04T22:11:42Z,33.94174,-118.41212,0,12,0,171,1423,KAL011,ADSB
2025-04-04T22:11:50Z,33.94134,-118.41206,0,11,0,171,1423,KAL011,ADSB
2025-04-04T22:11:57Z,33.94101,-118.412,0,11,0,174,1423,KAL011,ADSB
2025-04-04T22:12:04Z,33.94061,-118.41195,0,12,0,171,1423,KAL011,ADSB
2025-04-04T22:12:11Z,33.94034,-118.4119,0,12,0,174,1423,KAL011,ADSB
2025-04-04T22:12:19Z,33.93987,-118.41183,0,8,0,171,1423,KAL011,ADSB
2025-04-04T22:12:28Z,33.93946,-118.41174,0,8,0,173,1423,KAL011,FAA
2025-04-04T22:12:41Z,33.9394,-118.41151,0,4,0,123,1423,KAL011,ADSB
2025-04-04T22:12:50Z,33.9394,-118.41129,0,5,0,95,1423,KAL011,ADSB
2025-04-04T22:12:58Z,33.93942,-118.41108,0,4,0,84,1423,KAL011,ADSB
2025-04-04T22:13:11Z,33.93945,-118.41086,0,3,0,84,1423,KAL011,ADSB
2025-04-04T22:13:32Z,33.93947,-118.41047,0,2,0,308,1423,KAL011,FAA
